id,image,location,depth,date,flagged,remarks
b26d41da-81fa-46c5-be9f-c903c0b588b2,"","{""lat"":12.9277791,""lng"":80.1395568}",60,2023-12-07 03:42:13.382,,It is a made up flood due to sudden opening of Selaiyur Eri
7b767907-9475-40f2-b68c-e5216b0dce23,"","{""lat"":12.979172793120032,""lng"":80.20830357765773}",145,2023-12-07 03:42:41.966,,"304, Anjana apartments, AGS colony first main road, velachery "
c4c261d3-0af3-4f68-b43c-8778b1e3a04a,"","{""lat"":13.0188767,""lng"":80.2710964}",15,2023-12-07 03:45:05.945,,The SWD doesn't function effectively. Sewage-mixed rain water stagnates our roads. Roads are always bumpy and uneven . Sewage system has to be realised in MRC Nagar. High time !!!   
a7dc8a4a-c029-4947-8ab1-b31eb6138165,"","{""lat"":12.8347395,""lng"":80.2334342}",1,2023-12-07 03:49:48.655,,NAVALUR OMR
aa343b68-bc54-4ec7-82d9-b62186bceda7,https://cwl-images.s3.ap-south-1.amazonaws.com/fa38bdc834149770639a8850d43e5738.jpeg,"{""lat"":12.9734918,""lng"":80.222766}",150,2023-12-07 03:49:48.851,,""
ca44648c-c3c5-46c1-976a-624d298c50b8,"","{""lat"":12.9750277,""lng"":80.196307}",30,2023-12-07 03:50:17.771,,""
56b5a03b-37fb-45a6-9ddf-843f56690559,"","{""lat"":13.1330233,""lng"":80.2552536}",18,2023-12-07 03:51:26.43,,""
fa1b044e-c548-4c6c-a27f-456559ab5284,"","{""lat"":13.1330233,""lng"":80.2552536}",118,2023-12-07 03:51:53.576,,""
a18991ba-750c-4f61-825b-9ffaf666e734,https://cwl-images.s3.ap-south-1.amazonaws.com/6a8dce697ce53ff4cd826ad5e49ce604.jpeg,"{""lat"":13.1080511,""lng"":80.1995531}",51,2023-12-07 03:53:33.889,,""
ae445df6-d620-4366-b2aa-de01fcd6c574,https://cwl-images.s3.ap-south-1.amazonaws.com/a8a0bb84976697e97eceb82a77ad6457.jpeg,"{""lat"":13.1080511,""lng"":80.1995531}",45,2023-12-07 03:54:01.966,,""
7b8ce7c4-ec29-4f59-9c1f-3a55637c3ccb,"","{""lat"":13.1187907,""lng"":80.1622203}",150,2023-12-07 03:57:52.208,,""
bb2ae1c7-844e-41c0-b8c6-8318ab719aa8,"","{""lat"":12.9780463,""lng"":80.1994423}",57,2023-12-07 04:01:24.948,,"Waterlevel just above knee level during peak flooding for a man 5'8"" height. The street slants from west to east, so east wnd of the street is more flooded than west end mear the temple.."
da4e09bb-8d80-4e67-9161-2c35a3ba05e1,"","{""lat"":12.922750051683101,""lng"":80.10964998274396}",61,2023-12-07 04:07:19.633,,""
1c172001-fb8a-4a9b-b2a1-4705c098d1d1,"","{""lat"":12.9112502,""lng"":80.0943931}",6,2023-12-07 04:07:25.632,,No water logging 
bae3aa11-7b42-4a1e-9332-e7850eb7ce69,"","{""lat"":12.9779864,""lng"":80.1970157}",48,2023-12-07 04:13:55.823,,""
9448e254-f5f4-4234-8244-c40583542060,"","{""lat"":12.938007968489954,""lng"":80.2435815521332}",142,2023-12-07 04:13:58.105,,""
72e56741-4b57-42f6-b0f6-27c03412a1b0,"","{""lat"":12.9779758,""lng"":80.1969854}",48,2023-12-07 04:14:39.344,,""
f1ed0b0f-6167-47c3-a933-c4a2912f7d26,https://cwl-images.s3.ap-south-1.amazonaws.com/debc68963d9aef0499b6eff7ceea2c9c.jpeg,"{""lat"":12.9520224,""lng"":80.1402426}",94,2023-12-07 04:16:35.374,,Pallikaranai purvankara 
71850d9e-e81f-4a04-801b-97336674a598,"","{""lat"":12.9520224,""lng"":80.1402426}",68,2023-12-07 04:16:52.035,,""
8070ed33-973d-4494-936f-211c1a944c8f,"","{""lat"":13.0034314,""lng"":80.2029043}",85,2023-12-07 04:17:26.469,,""
7d5aff9d-3a35-402f-9a77-53e638ee5f57,"","{""lat"":13.0034314,""lng"":80.2029043}",74,2023-12-07 04:17:30.894,,""
836a83a6-e6fd-4c51-b20a-a48fbb9b3d90,"","{""lat"":12.9520224,""lng"":80.1402426}",64,2023-12-07 04:17:34.67,,Pallikaranai 
fe2b84c4-6573-4c16-b3a3-02a4e5068bff,"","{""lat"":13.0034314,""lng"":80.2029043}",48,2023-12-07 04:18:19.373,,""
0f1ae89a-9622-4a69-84b9-e38078c396e9,"","{""lat"":12.91891891891892,""lng"":80.13657111972621}",11,2023-12-07 04:20:08.099,,""
5a3d9472-37c2-456b-8d3d-c984ade69160,"","{""lat"":12.924950831800857,""lng"":80.23644543785635}",86,2023-12-07 04:21:27.232,,""
461d1642-28c4-46c7-ae80-dadb35e700a2,https://cwl-images.s3.ap-south-1.amazonaws.com/5c6fe3c88618a57ff31f25c0be0efddc.jpeg,"{""lat"":13.0646823,""lng"":80.26577}",1,2023-12-07 04:22:03.349,,No water logging
b22e35d1-384c-4066-bdaa-4708e794cae2,"","{""lat"":13.0646781,""lng"":80.2658079}",129,2023-12-07 04:22:16.229,,""
8f87d454-a773-4d50-a11f-34dbd68e4138,"","{""lat"":11.919911849366958,""lng"":79.81766782257478}",64,2023-12-07 04:25:35.425,,""
db86909e-c444-4cea-aabc-dd17b429cf62,"","{""lat"":13.0346962,""lng"":80.2203458}",200,2023-12-07 04:27:53.196,,""
d147b06e-b933-4fab-be42-43f5c0247291,"","{""lat"":13.0578941,""lng"":80.2348851}",73,2023-12-07 04:29:08.87,,""
325ca308-c48a-4432-ad88-d7707eb791d6,"","{""lat"":13.0578941,""lng"":80.2348851}",73,2023-12-07 04:29:15.652,,""
00f1eba5-d778-4885-9dc2-cea27ea0c764,"","{""lat"":13.0097599,""lng"":80.1382781}",1,2023-12-07 04:29:49.087,,""
c06788dc-cc65-48ec-ac85-bd7fd97bca27,https://cwl-images.s3.ap-south-1.amazonaws.com/30c4ef678c7003b59daae3add366915f.jpeg,"{""lat"":13.018329506794089,""lng"":80.15613589765381}",70,2023-12-07 04:29:49.087,,There is a water stagging in my area for the past 4 days still no initiative is taken please resolve this
8b35c5ca-b42f-42e4-b8a2-eaa6ce1d3fe0,"","{""lat"":13.0492142,""lng"":80.2612294}",21,2023-12-07 04:30:37.951,,Govardhan St Royapettah on 7 Dec
a76f2aa4-db49-48cb-aaa3-98ef218db873,"","{""lat"":13.0726901,""lng"":80.2363318}",27,2023-12-07 04:30:58.028,,Chetpet Pachiyappas college hostel rd
370af811-7834-4b77-9897-be41937a8295,"","{""lat"":13.063063063063064,""lng"":80.18309584928826}",25,2023-12-07 04:31:08.421,,""
17a219b7-543b-4df7-b80a-e07bdc759362,"","{""lat"":13.0726901,""lng"":80.2363318}",76,2023-12-07 04:32:00.025,,"New bhoopathy nagar , Chetpet Chetpet"
2530a582-4c4a-4926-b49c-1d0415cc29f5,"","{""lat"":12.989572126536007,""lng"":80.21257894443453}",75,2023-12-07 04:33:56.664,,From road level it went upto 70 cm heigh
16c27681-be22-4e96-b2fc-1d8bacc7d403,"","{""lat"":12.989572126536007,""lng"":80.21257894443453}",75,2023-12-07 04:34:18.228,,""
9c335b5a-c1ec-4e1a-9d20-bbc67e6b995d,"","{""lat"":13.0580798,""lng"":80.2618879}",23,2023-12-07 04:35:49.96,,Anna Nagar West
97dc64db-c584-46fb-96bd-7a88caec3ca8,"","{""lat"":13.060140277704914,""lng"":80.25299446701572}",200,2023-12-07 04:42:56.199,,""
07d75851-927c-4c8e-a508-ff60b792e97d,"","{""lat"":13.0511609,""lng"":80.2011931}",15,2023-12-07 04:43:10.139,,""
895a0b2e-8530-4fc8-a0ed-24c3994c92e6,"","{""lat"":13.11915025741324,""lng"":80.09285204575464}",2,2023-12-07 04:43:46.671,,""
e395d682-343e-44e0-b277-117c98e17e81,"","{""lat"":12.9751162,""lng"":80.2591388}",100,2023-12-07 04:43:47.766,,"Water stagnation in Raja Street Lakshmana perumal nagar ,Kottivakkam- not receding at all"
76f3a710-65c6-4a71-8085-93cfb87556c5,https://cwl-images.s3.ap-south-1.amazonaws.com/ed67e7d92a79558c8f006fdbe220bda0.jpeg,"{""lat"":13.1916205,""lng"":80.0927759}",51,2023-12-07 04:43:56.391,,"Ramachandra Enclave 4th Street, Athithanar Nagar Iyyapanthangal Chennai 600056"
6291cbdb-52aa-4cdb-a892-658d991d3093,"","{""lat"":13.11914921056023,""lng"":80.09286156583232}",2,2023-12-07 04:43:58.867,,""
6b7af4a1-8405-43df-9e89-57604ab8bb76,"","{""lat"":13.119143307584649,""lng"":80.09283773218161}",12,2023-12-07 04:44:17.989,,""
f9a354a5-4e16-4430-a3e1-179ad5d1fe72,"","{""lat"":12.910214,""lng"":80.1557628}",24,2023-12-07 04:48:16.686,,""
38632576-fe62-4e9d-9fed-bba698287a65,"","{""lat"":13.010592325466163,""lng"":80.22349450560694}",94,2023-12-07 04:54:29.948,,""
3c16188a-1ba4-4324-a405-74e6f2b4e1c1,"","{""lat"":13.1375397,""lng"":80.25217}",45,2023-12-07 04:55:16.284,,""
cd1c95e2-a269-4c88-9575-78703bfb1cf1,"","{""lat"":12.9135001,""lng"":80.1543318}",63,2023-12-07 04:56:17.469,,""
a1bd031a-a342-43d5-9b52-9f35c7fa9f0f,"","{""lat"":13.0142467,""lng"":80.1540847}",44,2023-12-07 04:56:24.843,,""
a95beb01-a2fc-43b5-99c0-1bcd54a0ee46,"","{""lat"":12.8904765,""lng"":80.2026064}",95,2023-12-07 04:56:33.432,,""
ff6a9e1f-3d30-431e-9e12-9c7d0ec9b1d8,"","{""lat"":12.8904765,""lng"":80.2026064}",102,2023-12-07 04:56:42.857,,""
ce09c51a-9243-474e-9b1a-19e0bbf007b4,"","{""lat"":12.8904765,""lng"":80.2026064}",111,2023-12-07 04:56:47.569,,""
2d14777a-b199-4fe9-9757-0d7c246c3d55,"","{""lat"":12.8904765,""lng"":80.2026064}",111,2023-12-07 04:56:52.402,,""
5c60afbd-45f4-4263-8f3a-78d4d255d6b1,https://cwl-images.s3.ap-south-1.amazonaws.com/470df25e39fb99fd557fec2020987567.jpeg,"{""lat"":12.9237024,""lng"":80.2360073}",85,2023-12-07 04:57:54.086,,There is a low lying areas surroundi g the jains apartment in okkiyampet... This area gets flooded hampering movement
33972635-d5af-495c-bf8c-e7bedcdf07ef,"","{""lat"":12.8287308,""lng"":80.1994173}",20,2023-12-07 04:58:43.331,,""
2131b33e-865e-4141-a80b-89095b9f0024,"","{""lat"":13.0826802,""lng"":80.2707184}",30,2023-12-07 05:01:55.481,,Pattabiram
105fb750-dfee-4028-bec5-7112b481146d,https://cwl-images.s3.ap-south-1.amazonaws.com/32db355dbaceac32d5f3a6d421af49f7.jpeg,"{""lat"":13.0397622,""lng"":80.2375137}",40,2023-12-07 05:04:07.23,,""
67cf237f-611f-4ca6-bdc3-bed45e5b44fa,https://cwl-images.s3.ap-south-1.amazonaws.com/e0184d7f4b9077a6dfa32f479136f002.jpeg,"{""lat"":13.0397622,""lng"":80.2375137}",40,2023-12-07 05:05:27.36,,This wasn't pedestrian plaza in Pondy Bazaar
584c485e-b718-4876-9d10-955f7c9ed459,https://cwl-images.s3.ap-south-1.amazonaws.com/4bd228e227039e814c8af27ee98edb09.jpeg,"{""lat"":13.0397622,""lng"":80.2375137}",35,2023-12-07 05:07:03.794,,This is in the junction of Masilamani Street and Raja Street behind Pondy Bazaar pedestrian plaza
2296b883-6c0c-4c21-8036-732dc650529a,"","{""lat"":13.0047596,""lng"":80.255032}",150,2023-12-07 05:11:35.878,,Perumbakkam kailash nagar Moogambigai nagar perumbakkam 
af027045-ef60-4503-8db7-e712edff79ec,"","{""lat"":13.0047596,""lng"":80.255032}",150,2023-12-07 05:11:36.114,,Perumbakkam kailash nagar Moogambigai nagar perumbakkam 
358fe21c-25f2-4ab2-9e51-4db71e546da0,"","{""lat"":13.0047596,""lng"":80.255032}",150,2023-12-07 05:11:36.789,,Perumbakkam kailash nagar Moogambigai nagar perumbakkam 
005364f8-4480-4fa0-96eb-8b39d61819f0,"","{""lat"":13.0047596,""lng"":80.255032}",150,2023-12-07 05:11:36.82,,Perumbakkam kailash nagar Moogambigai nagar perumbakkam 
08f89974-4c85-4cf8-bee6-70590201ba03,"","{""lat"":13.0047596,""lng"":80.255032}",150,2023-12-07 05:11:36.838,,Perumbakkam kailash nagar Moogambigai nagar perumbakkam 
38226d18-df56-4290-b80d-5b5f50239ac8,https://cwl-images.s3.ap-south-1.amazonaws.com/e7c7ce8e7f1dd9b67e6759242eaa2993.jpeg,"{""lat"":13.0397622,""lng"":80.2375137}",53,2023-12-07 05:11:45.959,,Near T3 Korattur police station 
9fc0534e-40ed-43d3-80a6-57841a9d1f0e,"","{""lat"":12.7086428,""lng"":79.6646566}",13,2023-12-07 05:14:36.525,,""
92d11378-4bea-4f07-9f1c-b7f76c6a917b,"","{""lat"":13.0482981,""lng"":80.275664}",16,2023-12-07 05:15:34.194,,Dr natesan road 1st lane triplicane 
9e0ad08b-0d13-41aa-a379-0fd589350b99,"","{""lat"":13.61650315268217,""lng"":79.42360007508802}",81,2023-12-07 05:15:46.884,,""
98ea31b6-549b-426c-9d9b-c24df70e7ec4,"","{""lat"":12.995809032902795,""lng"":80.25817197493646}",12,2023-12-07 05:18:09.66,,""
ede092ce-bc4c-47c8-a9fc-192d11082ddb,"","{""lat"":13.0048074,""lng"":80.2550437}",200,2023-12-07 05:18:38.472,,"The area is close to global hospital adjacent colonies, Kailash nagar, moogambigai nagar, Rathnam nagar, Sairam nagar, Shanthinagar and Sri Perumal nagar residential colonies flooding always during everymonsoon since 2015. Nosupplies, no power supply no rssentials, no medical aid, no local politicians,unending , "
2a69139d-d117-4251-abde-0e80becd129b,https://cwl-images.s3.ap-south-1.amazonaws.com/a774604ab18f422b1f95d2d32b631e5e.jpeg,"{""lat"":13.0933244,""lng"":80.2343803}",23,2023-12-07 05:21:45.395,,Please help
5ea89aad-369a-492a-afae-3fa3681faf49,"","{""lat"":13.034763095955071,""lng"":77.62273858926302}",74,2023-12-07 05:22:27.909,,""
8ee3cc09-1af0-42b2-8697-88080e40dab4,"","{""lat"":13.052192647968113,""lng"":80.22078206827486}",30,2023-12-07 05:22:45.851,,""
917b3762-08df-4c18-b248-53f1ce8fe253,https://cwl-images.s3.ap-south-1.amazonaws.com/dae895424de2070026ed1e8747e6aecb.jpeg,"{""lat"":12.9999732,""lng"":80.260773}",94,2023-12-07 05:23:12.63,,Now Drained. SHASTRI NAGAR ADYAR
1beaf503-7b6d-4de9-be24-31ebf646d0c9,"","{""lat"":12.9360865,""lng"":80.1843469}",10,2023-12-07 05:29:53.915,,""
2e712c2f-d39c-4c3d-805d-9fe0ab1dfae4,"","{""lat"":13.0132881,""lng"":80.1585523}",29,2023-12-07 05:30:44.102,,""
9c18a8ec-76fb-41de-ae4f-58472d54d109,"","{""lat"":13.0290761,""lng"":80.1515628}",35,2023-12-07 05:38:59.455,,IN Jothi Ramalingam street west mambalam in 2023
10221c3c-d244-41bf-b2b9-aae9e1c4af5c,https://cwl-images.s3.ap-south-1.amazonaws.com/f68ec279f048942ea2ff344c69b2e7ca.jpeg,"{""lat"":12.8582991,""lng"":79.9336733}",60,2023-12-07 05:40:32.776,,This is near Velammal School for past 10 years.
95fbcfe7-d89b-4738-9cd9-c9009c66da28,https://cwl-images.s3.ap-south-1.amazonaws.com/e2d49c336a42ddf7f500e9e8316870fa.jpeg,"{""lat"":13.0298109,""lng"":80.2017087}",77,2023-12-07 05:40:53.663,,"V.M.Balakrishnan Street, Sathyamurthy Block,"
0ff3ff47-913e-4dc4-8d09-2290a015f3ef,"","{""lat"":13.1399803,""lng"":80.2507761}",70,2023-12-07 05:41:45.213,,""
7666be2c-88f5-4c6b-8a61-8fcec0243a0b,https://cwl-images.s3.ap-south-1.amazonaws.com/5d246136342d5634d5163c1085dcf116.jpeg,"{""lat"":12.9236409,""lng"":80.1372615}",32,2023-12-07 05:42:27.155,,"Selaiyur, chennai "
bbff4b91-1886-4a3f-90a4-4017b3970110,https://cwl-images.s3.ap-south-1.amazonaws.com/bae8635170768e06b0d4f73e47e78953.jpeg,"{""lat"":13.1399803,""lng"":80.2507761}",69,2023-12-07 05:42:28.082,,""
83977581-08df-43da-b3d2-783d05502732,https://cwl-images.s3.ap-south-1.amazonaws.com/c8a229907720302e7b3963e4f95bceae.jpeg,"{""lat"":13.1399803,""lng"":80.2507761}",72,2023-12-07 05:42:39.383,,""
d327d69f-14b7-4fb6-8603-e895d3d7f504,https://cwl-images.s3.ap-south-1.amazonaws.com/a1de809be57105321d973376b4f92106.jpeg,"{""lat"":12.8583052,""lng"":79.9336756}",60,2023-12-07 05:42:39.631,,"This is water level at Velammal School and Lancour Apartment Kayarambedu, Guduvancheri. Need to plan some proper channel to streamline this. "
078da08b-b432-4e8c-ae09-04d41ef2bb42,"","{""lat"":12.9400417,""lng"":80.2093753}",55,2023-12-07 05:45:18.408,,""
d71376c0-2a84-4946-810a-15f31435b069,https://cwl-images.s3.ap-south-1.amazonaws.com/3884ad4e980ccc45999a2e4df0501fea.jpeg,"{""lat"":11.973266923169525,""lng"":79.83197221605786}",74,2023-12-07 05:46:19.882,,Thoraipakkam 200 feet radial road
4da55361-4a30-4aef-8b75-8fe48e1a6617,"","{""lat"":13.1127452,""lng"":80.2522302}",40,2023-12-07 05:47:59.829,,""
76878409-193b-42bb-8f0e-34eb4fd8d34b,"","{""lat"":12.947671043110352,""lng"":80.20385447044112}",110,2023-12-07 05:48:43.093,,""
e082ef12-69d1-4c32-a216-93da39193803,"","{""lat"":12.947671043110352,""lng"":80.20385447044112}",133,2023-12-07 05:49:12.807,,""
60343b46-7287-45c8-8cd9-4fc5db6fb731,https://cwl-images.s3.ap-south-1.amazonaws.com/d4364cd7f90e3fce54542996d27c6db3.jpeg,"{""lat"":12.983601,""lng"":80.2538852}",63,2023-12-07 05:50:56.436,,""
1b22d1f1-b299-4aa7-8882-677b7c1be665,https://cwl-images.s3.ap-south-1.amazonaws.com/07bd19042ed6f96a03dfb4489877940f.jpeg,"{""lat"":13.0660272,""lng"":80.1480356}",58,2023-12-07 05:51:30.473,,""
9fa2b366-e993-4e55-b9a3-342986248082,https://cwl-images.s3.ap-south-1.amazonaws.com/602b03c5bbef6e6e5cfaffc8ece62ba1.jpeg,"{""lat"":13.0512131,""lng"":80.2139738}",52,2023-12-07 05:54:34.813,,Drainage and drinking water mid d
cb24463f-a60c-4320-9ac3-c3c8d66808f2,https://cwl-images.s3.ap-south-1.amazonaws.com/7283ded9fadb4179aad973ac4d504ba1.jpeg,"{""lat"":13.0512131,""lng"":80.2139738}",57,2023-12-07 05:55:42.907,,Drainage and drinking water mixed
a37bc1e3-c3d3-4289-b544-7c0de7441008,"","{""lat"":12.80637750665019,""lng"":80.22449548776625}",77,2023-12-07 06:00:48.035,,"The water was on the road, while our two basements are fully flooded. Each has a height of about 300 cm, which is about 600 cm. "
8c665de8-4f8f-4d97-b5c6-941407bc0aff,https://cwl-images.s3.ap-south-1.amazonaws.com/f63d69fb48e792b081ae81911f01a076.jpeg,"{""lat"":13.009298764200066,""lng"":80.14512041776524}",98,2023-12-07 06:05:20.148,,"Location: Baikadai, kundrathur road"
9a9c3d19-0421-4470-a2c3-9704ff6db96d,"","{""lat"":12.9155831,""lng"":80.1291076}",12,2023-12-07 06:13:10.337,,""
da35b698-75e9-41bb-9d86-d9e08f51a3ef,"","{""lat"":12.9155831,""lng"":80.1291076}",24,2023-12-07 06:13:17.104,,""
0ee04e01-a13c-4e72-864e-8988d9b32611,"","{""lat"":12.9155831,""lng"":80.1291076}",18,2023-12-07 06:13:22.328,,""
cf48ae07-5ea5-4613-adfa-25bbdb66db1d,"","{""lat"":12.9155831,""lng"":80.1291076}",81,2023-12-07 06:13:30.094,,""
326306c6-6c69-4ace-9417-d45c58cdf42c,https://cwl-images.s3.ap-south-1.amazonaws.com/f5df397bdbea3888197296b7b16eac7d.jpeg,"{""lat"":13.0392105,""lng"":80.2665524}",49,2023-12-07 06:14:40.918,,""
33178f92-4cfa-447c-b3f1-c57cab8d4cb9,"","{""lat"":13.0685914,""lng"":80.2683362}",61,2023-12-07 06:15:04.072,,""
f2eac3f7-21cc-4a14-bbdb-5568411143ca,"","{""lat"":12.7526316,""lng"":80.0049699}",5,2023-12-07 06:15:47.41,,""
8486a93b-2087-4733-962e-81bc7555a45d,"","{""lat"":13.0402782,""lng"":80.2239344}",42,2023-12-07 06:15:49.646,,Mambalam
3068191a-c76a-4623-a8ea-6a0698bd175a,"","{""lat"":13.0402782,""lng"":80.2239344}",38,2023-12-07 06:16:09.34,,Mambalam
7f84bc9f-9056-4e7f-bde0-0c9ceefbe99d,https://cwl-images.s3.ap-south-1.amazonaws.com/873e17dea387218940b1f3e6185d8eee.jpeg,"{""lat"":13.0588003,""lng"":80.2038606}",70,2023-12-07 06:16:50.865,,""
d8308144-b61e-472e-976f-ace249b0b70d,"","{""lat"":13.059138913835309,""lng"":80.20982601896542}",91,2023-12-07 06:17:12.043,,10
58912aa2-a9b2-4e71-84d1-6ae69fba5530,https://cwl-images.s3.ap-south-1.amazonaws.com/fe714fd2e870bdb884e68903d3374123.jpeg,"{""lat"":12.9201471,""lng"":80.094238}",66,2023-12-07 06:18:25.418,,""
57abab70-89f4-4b0b-a035-364f2ad96554,"","{""lat"":13.059138913835309,""lng"":80.20982601896542}",72,2023-12-07 06:19:05.653,,""
35c6fc93-7f84-48f0-b3b5-3add8c17b555,"","{""lat"":13.059138913835309,""lng"":80.20982601896542}",21,2023-12-07 06:19:09.759,,""
08b09124-58ea-49f1-9982-eea0b92d0f1e,"","{""lat"":13.059138913835309,""lng"":80.20982601896542}",200,2023-12-07 06:19:16.157,,""
fb014851-3cf1-4fda-a80e-8d2d50a55c85,https://cwl-images.s3.ap-south-1.amazonaws.com/f4f0038e0f26bd416b722db35cd9bc88.jpeg,"{""lat"":12.9201471,""lng"":80.094238}",59,2023-12-07 06:19:33.64,,""
54276cb0-13e6-48ee-81b3-b76f5f9446ff,https://cwl-images.s3.ap-south-1.amazonaws.com/051abde2120cca9e2eb30fc22b35b59e.jpeg,"{""lat"":13.0588003,""lng"":80.2038606}",70,2023-12-07 06:20:22.6,,"05.12.2023@ Devaraj Nagar main road, Saligramam"
aa129c68-2a1f-418a-8bb8-b008c1ecff1a,https://cwl-images.s3.ap-south-1.amazonaws.com/47ce64e6b136583c1b60870c7668a0b3.jpeg,"{""lat"":13.0521009,""lng"":80.2291178}",75,2023-12-07 06:21:02.397,,Water logging at Aziz Nagar Main Road Kodambakkam Chennai 600024 and it's surrounding 
09bb2aee-da7a-43fb-b021-5fc339086e13,"","{""lat"":13.07103649645356,""lng"":80.24115072632485}",10,2023-12-07 06:21:36.681,,""
c3e954a7-0b8a-459e-a08b-f2516b7c342c,"","{""lat"":12.837524180439315,""lng"":80.2283496884007}",66,2023-12-07 06:22:18.627,,""
af0dbfe9-bee4-4fb2-bca1-f9383efefe3f,"","{""lat"":12.837058299038896,""lng"":80.22841211313627}",57,2023-12-07 06:22:29.761,,""
a653d20d-aacd-4309-b043-b765a1e5f9e6,https://cwl-images.s3.ap-south-1.amazonaws.com/bd710ab870e32065a3ced647eb94bfbc.jpeg,"{""lat"":13.0521009,""lng"":80.2290974}",77,2023-12-07 06:23:46.707,,Water logging at Parangusapuram street Kodambakkam Chennai 600024
8f16a2a0-ebeb-4100-a3be-7c5c669e81dd,https://cwl-images.s3.ap-south-1.amazonaws.com/ebdb7bef1d18196722d3ef4cfdbb1a14.jpeg,"{""lat"":12.960186024152387,""lng"":80.20268852254749}",58,2023-12-07 06:28:34.681,,Ward188 Kumaran nagar
fa2613e2-12ab-4aa0-9992-c63fc61d9dc7,"","{""lat"":12.979802870184496,""lng"":80.19683005028259}",1,2023-12-07 06:32:50.472,,No water logging
4d34f257-9251-4364-ad01-2fe60451190b,"","{""lat"":12.95812759549592,""lng"":80.20380908630807}",99,2023-12-07 06:35:35.769,,188 ward kuberan nagar 8th street
14432cfb-6fb9-407e-82a8-0b79d73eace4,https://cwl-images.s3.ap-south-1.amazonaws.com/cffe1f32ec72153b3ff2e16e766f1e62.jpeg,"{""lat"":13.140418347588843,""lng"":80.29936984309283}",180,2023-12-07 06:47:04.461,,Rukumani Street Kalasathra Colony Besant Nagar chennai 90
071fb037-823f-4554-a846-f65912111ebc,https://cwl-images.s3.ap-south-1.amazonaws.com/cffe1f32ec72153b3ff2e16e766f1e62.jpeg,"{""lat"":13.140418347588843,""lng"":80.29936984309283}",181,2023-12-07 06:47:04.79,,Rukumani Street Kalasathra Colony Besant Nagar chennai 90
09844ffe-29b6-4596-8e50-9062e64ad98a,https://cwl-images.s3.ap-south-1.amazonaws.com/cffe1f32ec72153b3ff2e16e766f1e62.jpeg,"{""lat"":13.140418347588843,""lng"":80.29936984309283}",181,2023-12-07 06:47:04.91,,Rukumani Street Kalasathra Colony Besant Nagar chennai 90
df4120a0-0842-43c1-9d29-9404116559bb,https://cwl-images.s3.ap-south-1.amazonaws.com/cffe1f32ec72153b3ff2e16e766f1e62.jpeg,"{""lat"":13.140418347588843,""lng"":80.29936984309283}",181,2023-12-07 06:47:05.084,,Rukumani Street Kalasathra Colony Besant Nagar chennai 90
48bf5cf0-3424-4657-9de1-29266cc46a76,https://cwl-images.s3.ap-south-1.amazonaws.com/cffe1f32ec72153b3ff2e16e766f1e62.jpeg,"{""lat"":13.140418347588843,""lng"":80.29936984309283}",181,2023-12-07 06:47:05.232,,Rukumani Street Kalasathra Colony Besant Nagar chennai 90
e917ee99-2d2d-4be7-a311-109cdf7fad1f,https://cwl-images.s3.ap-south-1.amazonaws.com/cffe1f32ec72153b3ff2e16e766f1e62.jpeg,"{""lat"":13.140410659477446,""lng"":80.29933675446371}",181,2023-12-07 06:47:05.667,,Rukumani Street Kalasathra Colony Besant Nagar chennai 90
3d79076d-4f8e-461a-8a5b-6617c22f1d41,https://cwl-images.s3.ap-south-1.amazonaws.com/cffe1f32ec72153b3ff2e16e766f1e62.jpeg,"{""lat"":13.140410659477446,""lng"":80.29933675446371}",181,2023-12-07 06:47:07.141,,Rukumani Street Kalasathra Colony Besant Nagar chennai 90
3f25d506-1682-472b-aac3-e7fcba42afcd,"","{""lat"":12.9663334,""lng"":80.2022498}",82,2023-12-07 06:49:54.246,,Ward 188 Madipqkkam Lake
30a43c7c-44ab-49af-ba0b-5dd94dca9add,"","{""lat"":12.8241695,""lng"":80.2031084}",50,2023-12-07 06:50:15.675,,""
f2a7e3e5-ccea-4165-96e8-6c0a03efcc12,"","{""lat"":12.9663162,""lng"":80.2022975}",85,2023-12-07 06:50:33.831,,Ward 188 Madipakkam lake
9f234f9c-0449-4837-a75f-983561b5ba14,"","{""lat"":12.8241695,""lng"":80.2031084}",63,2023-12-07 06:50:35.393,,This was the level during Monday.
e104bbd5-aa4d-42ed-83fd-01631737c6c6,"","{""lat"":16.431734432583195,""lng"":81.69678375136041}",200,2023-12-07 06:54:02.738,,Water logging in embassy residency is extreme and need pumping out. 
e151c2a4-4a00-4e73-a96e-c82384b16be2,https://cwl-images.s3.ap-south-1.amazonaws.com/d267b511d212abe859a3f49bfede2092.jpeg,"{""lat"":16.431734432583195,""lng"":81.69678375136041}",200,2023-12-07 06:54:49.551,,Water logging in embassy residency is extremely high. Needs pumping out. Please help us out
d9868a3d-b452-4eef-b9ae-1ded2b58b141,"","{""lat"":12.893486,""lng"":80.1190149}",20,2023-12-07 06:56:59.064,,"These type of activities earlier also done during earlier 2015 floods. I should appreciate IIT'ans doing this activity even though they have hectic study activities. They also submit the geniune report to ruling Government. But ruling Government read it and will not adhere to it, rather they will focus on looting money "
2ff96aa5-e559-4b55-ac5a-cd0b3bfa9d4c,"","{""lat"":12.8907654,""lng"":80.1165109}",25,2023-12-07 06:58:03.142,,""
56a5e4b9-a6e4-43d7-9d40-ea7e2276e82a,"","{""lat"":12.967341458832864,""lng"":80.19129866839175}",80,2023-12-07 06:58:55.635,,186 ward Gopal street
c94219bf-0549-4784-b67a-69aba1432f2c,"","{""lat"":12.967251363148492,""lng"":80.19080907690075}",82,2023-12-07 07:01:53.171,,187 ward Gopal street
855613c7-822a-4bd5-b574-1631f71a7a80,"","{""lat"":12.9672207,""lng"":80.1913813}",76,2023-12-07 07:01:59.483,,WaRd 187. Gopal street Corrected
416ea86e-9a19-43a8-bf15-8a591aa2b14c,https://cwl-images.s3.ap-south-1.amazonaws.com/4e72bde8f5af481185a1f63df644338b.jpeg,"{""lat"":13.0677237,""lng"":80.2467816}",200,2023-12-07 07:04:35.92,,Water logged in entire soosaiya nagar noombal . Pls help past 15 yrs facing same issue
0a3a1452-8832-4b90-bc4e-4b5c0671c81d,"","{""lat"":12.9124659,""lng"":80.1401977}",110,2023-12-07 07:05:57.625,,""
10d17f9c-c6e4-48d8-990c-58ddc1b4e238,https://cwl-images.s3.ap-south-1.amazonaws.com/b9cb847c6e62429c9ec1d2b34a867d2b.jpeg,"{""lat"":24.6661646,""lng"":46.7007305}",61,2023-12-07 07:13:18.133,,""
55521b1f-48af-4ffe-a80d-cabcea60558a,"","{""lat"":12.964877506387502,""lng"":80.19075720934607}",31,2023-12-07 07:13:34.64,,187 ward aiyyapan temple
e796de90-8343-4953-ad96-9d71d4ef8b8a,"","{""lat"":11.680056829226151,""lng"":78.12182217818251}",125,2023-12-07 07:23:56.061,,""
dd0e6adc-3b04-446c-9d3e-a82b3c149e80,https://cwl-images.s3.ap-south-1.amazonaws.com/e3788abfb7f4177acfed6a8f5b12dd9b.jpeg,"{""lat"":13.1250749,""lng"":80.2631253}",93,2023-12-07 07:24:09.731,,"595, 16th east cross, mkb nagar, chennai 39"
332b77ab-cb10-49af-9294-31468e0729ee,"","{""lat"":11.680056829226151,""lng"":78.12182217818251}",126,2023-12-07 07:24:26.943,,""
05b70446-e62e-48c7-bb44-39ae21f1267a,"","{""lat"":13.005137,""lng"":80.2625742}",37,2023-12-07 07:30:15.332,,""
7c64bd38-b3d3-4e08-aa30-10e498d0798e,"","{""lat"":13.0224501,""lng"":80.1583342}",37,2023-12-07 07:34:59.308,,""
d0cbf2f5-ec3b-44d2-b404-922e9a417e90,"","{""lat"":13.0224501,""lng"":80.1583342}",38,2023-12-07 07:35:14.325,,""
aeb21799-9ecb-4871-99cb-881ce02e4ab5,https://cwl-images.s3.ap-south-1.amazonaws.com/41397f40ecc6c647a2e77313186c86fd.jpeg,"{""lat"":12.981654237072785,""lng"":80.20849510697255}",72,2023-12-07 07:36:34.129,,""
94ed6f91-bea8-4148-821c-1f9f82afca92,"","{""lat"":13.037971950390792,""lng"":80.11462864092746}",45,2023-12-07 07:54:49.986,,""
f999caf2-b739-4737-98be-ac7943ead474,"","{""lat"":12.9778245,""lng"":80.2155195}",52,2023-12-07 07:54:56.337,,""
c9e94529-8654-4c8e-9820-ef6059f82db8,"","{""lat"":12.9778245,""lng"":80.2155195}",69,2023-12-07 07:55:03.788,,""
f184e29b-64e3-459b-a3cd-53314aae3c73,"","{""lat"":12.9778245,""lng"":80.2155195}",76,2023-12-07 07:55:12.472,,""
bb94c141-2308-44a6-896c-372239e7cc51,https://cwl-images.s3.ap-south-1.amazonaws.com/e35d6a8aaeff707bbaae80e522e4e34a.jpeg,"{""lat"":13.1241704,""lng"":79.9701521}",122,2023-12-07 07:56:24.407,,""
fc52ea6e-da9a-4ec4-a0f3-71066e3be012,https://cwl-images.s3.ap-south-1.amazonaws.com/864dd16ac1f92cfd9b7bbfcb4911e980.jpeg,"{""lat"":13.1241704,""lng"":79.9701521}",116,2023-12-07 07:57:26.023,,This area belongs to Madipakkam. Not current location 
14fd1a1c-af5e-4b15-819a-55b41c172ebc,"","{""lat"":12.949769264705001,""lng"":80.21024154409682}",130,2023-12-07 08:01:09.574,,188 Ward Balaji nagar
8e17bd4a-36a9-478e-9145-0ef9c2549539,"","{""lat"":12.807582580370402,""lng"":80.21677083465993}",9,2023-12-07 08:04:34.589,,""
3553f1a7-9273-4e62-ad1e-0def34fa1e82,https://cwl-images.s3.ap-south-1.amazonaws.com/ccd6adc28f9e30bfa708f9372eed433a.jpeg,"{""lat"":13.0813973,""lng"":80.2591228}",61,2023-12-07 08:04:55.625,,"Address 4/10 Ritherdon Avenue, Vepery, Chennai 600007. "
c581488f-709e-41d6-ae19-3632dd855330,"","{""lat"":12.9733127,""lng"":80.2227111}",74,2023-12-07 08:15:05.6,,Varies from 75 to 90 cm
0306a4b4-1caa-45cf-94d0-2823f06bd73f,https://cwl-images.s3.ap-south-1.amazonaws.com/971d6ffe284f5f6500f43df6d60d460c.jpeg,"{""lat"":12.9694325,""lng"":80.2495745}",110,2023-12-07 08:19:27.028,,""
b55bd5e6-19bf-4e43-a769-08dfc6132cde,https://cwl-images.s3.ap-south-1.amazonaws.com/e15253be2b2ad2f7402cd9ffc0dacbc1.jpeg,"{""lat"":12.9693914,""lng"":80.2495674}",100,2023-12-07 08:20:20.568,,""
a2b6191f-73fa-42e1-8859-0007884c101a,"","{""lat"":13.1216414,""lng"":80.1573023}",2,2023-12-07 08:22:20.508,,""
aeb454a9-b46b-4781-847f-4bf0893ab2bb,"","{""lat"":12.9560574,""lng"":80.1302906}",53,2023-12-07 08:22:25.596,,""
296471dc-1f6e-493e-9763-3e02ffea2993,"","{""lat"":12.9560574,""lng"":80.1302906}",61,2023-12-07 08:22:45.48,,""
7c1dff5c-1ec3-4900-88d3-56e1e319b194,https://cwl-images.s3.ap-south-1.amazonaws.com/15cc89ae3d943b46e7eef303b92c2490.jpeg,"{""lat"":12.9529117,""lng"":80.20128}",75,2023-12-07 08:23:02.382,,Kamatchi hospital backside 
c0cdc789-83f3-411d-ae87-5a0c6d070683,https://cwl-images.s3.ap-south-1.amazonaws.com/c818860a2d1609b588044cd0b8b06ad0.jpeg,"{""lat"":13.0814023,""lng"":80.2591165}",61,2023-12-07 08:27:50.1,,Water has entered the house and damaged the furniture
6b6025a0-e082-42b8-8d12-df6b7dcd0d8e,https://cwl-images.s3.ap-south-1.amazonaws.com/2536c31ed4fb3b8689cc640f05723f75.jpeg,"{""lat"":12.9785279,""lng"":80.1442504}",91,2023-12-07 08:28:59.175,,""
0f5ab887-151b-4c39-8bfa-b64ddb3f166c,"","{""lat"":12.9321,""lng"":80.1585396}",1,2023-12-07 08:29:29.683,,""
f1fdb5b2-dfd0-4b24-997c-2b24e1c0bc18,"","{""lat"":13.0288162,""lng"":80.1395228}",71,2023-12-07 08:31:01.295,,""
2955ff34-dade-47ca-aa72-9cad5befb41f,"","{""lat"":13.1284137,""lng"":80.2337029}",88,2023-12-07 08:31:53.631,,""
f7e8def3-1bb9-4a9d-a524-bb600803ba50,"","{""lat"":12.9938387,""lng"":80.1891866}",23,2023-12-07 08:35:06.249,,""
97673586-7a40-4671-80d7-e6ef6c8acff8,"","{""lat"":12.9938385,""lng"":80.1891896}",33,2023-12-07 08:35:12.384,,""
cb3c2bb7-2790-4668-a931-2997c6e6d329,"","{""lat"":13.051629669034217,""lng"":80.19039110986014}",60,2023-12-07 08:37:54.84,,""
c1b45491-827e-4a04-bda5-7616405cc588,https://cwl-images.s3.ap-south-1.amazonaws.com/370588950d4c69851b0f0bdac3b307b5.jpeg,"{""lat"":13.046041648488588,""lng"":80.23989838347804}",72,2023-12-07 08:38:49.458,,""
f313a95c-1af6-48a6-b3f2-b85ed24a5c24,"","{""lat"":13.0847235,""lng"":80.1863607}",24,2023-12-07 08:42:33.355,,Water was clogged in the korattur to Aavin road and the karukku bridgeroad 
fac12872-b819-44c8-bd85-f56ad764d1f5,https://cwl-images.s3.ap-south-1.amazonaws.com/31439f34cdb7d7270a8a2fe7ac9afae7.jpeg,"{""lat"":13.022417604419443,""lng"":80.24508631583022}",90,2023-12-07 08:43:03.432,,River View Road Kotturpuram 
9e26777e-99b1-469d-947e-046093d5b588,https://cwl-images.s3.ap-south-1.amazonaws.com/8a32bca2558a85e45d4ea66d92067912.jpeg,"{""lat"":12.9966985,""lng"":80.2518323}",75,2023-12-07 08:55:23.21,,Perumbakkam embassy residency 
abddc2d0-e828-4a6d-93ff-c15e2c81b507,https://cwl-images.s3.ap-south-1.amazonaws.com/7f975507c9ff2ca1f3d9a2802e9385fc.jpeg,"{""lat"":12.9056345,""lng"":80.2277649}",145,2023-12-07 08:57:02.978,,""
8ea8d257-aeb4-4c4d-a7e8-8cf4d6d30076,"","{""lat"":12.9056433,""lng"":80.2277989}",125,2023-12-07 08:57:33.299,,Kuberan Nagar extension 6th street
770fcd16-8a58-4012-ab7c-d3912ba91a65,https://cwl-images.s3.ap-south-1.amazonaws.com/bc65131433b45de1f40dbf64e60f14f2.jpeg,"{""lat"":13.106570556558804,""lng"":80.19886483945693}",100,2023-12-07 08:58:53.927,,""
9ac8eb4f-5a42-49e5-b8ea-01e6a6658e86,"","{""lat"":13.1654324,""lng"":80.245549}",2,2023-12-07 08:59:30.85,,""
6a32aa1c-3c3d-41dd-9db3-02ec7d70e4e1,https://cwl-images.s3.ap-south-1.amazonaws.com/20d2a472070cd4074aa36d19753133b6.jpeg,"{""lat"":12.8943173,""lng"":80.200448}",96,2023-12-07 08:59:36.594,,""
85a79433-970b-4cc0-9581-8dd6649a601b,"","{""lat"":13.1654324,""lng"":80.245549}",4,2023-12-07 08:59:44.873,,""
3678a4f8-9ba3-4534-bbcd-558047f029f2,"","{""lat"":12.8943161,""lng"":80.2004446}",96,2023-12-07 08:59:45.351,,""
b0428f25-01c0-4efc-a37d-2f3c4fabb62f,"","{""lat"":12.848388853856711,""lng"":80.23711948936203}",6,2023-12-07 09:03:09.657,,""
46d5e5fc-8e59-4405-b6b9-5791e9702adf,"","{""lat"":13.044158,""lng"":80.1858893}",49,2023-12-07 09:03:47.425,,"No 2, thiruvalluvar salai, alwarthirunagar, chennai 87"
b2c50672-9934-46e1-a262-4b0868b6283f,"","{""lat"":13.044158,""lng"":80.1858893}",46,2023-12-07 09:04:08.378,,""
7c1e065d-8217-45a5-8d5a-b83d7748fe45,"","{""lat"":13.044158,""lng"":80.1858893}",53,2023-12-07 09:04:32.513,,""
999021a9-30af-483a-9bb6-962f1d65453f,"","{""lat"":13.044158,""lng"":80.1858893}",51,2023-12-07 09:04:44.019,,""
ff48eedd-663e-4d90-bb3e-52da08ecba5b,"","{""lat"":13.0653378,""lng"":80.2752538}",72,2023-12-07 09:04:49.957,,Water rose to this level
fe5872a1-ebcb-4af5-9b60-6cf10e47a670,"","{""lat"":13.044158,""lng"":80.1858893}",53,2023-12-07 09:04:57.842,,""
e8535dc5-0b88-4299-89ce-277f9dca027f,https://cwl-images.s3.ap-south-1.amazonaws.com/347c03adf23cde1ec27844f237cc25b9.jpeg,"{""lat"":12.9356272,""lng"":80.2399731}",93,2023-12-07 09:05:03.77,,""
a751941e-1c1a-44c1-ab55-e448bddfdcf2,"","{""lat"":13.044158,""lng"":80.1858893}",51,2023-12-07 09:05:13.525,,""
c5ff31b6-a6fa-4221-a832-e94ee5005aec,"","{""lat"":13.0907551,""lng"":80.2445616}",80,2023-12-07 09:06:11.606,,Very bad water logging in 2nd street secretariat colony between Dec 6 - 9. Inside house 50 cm of water. On road 80 cm. Photo is from inside house.
b8729340-d737-4957-b9c9-ef0e16980d6a,https://cwl-images.s3.ap-south-1.amazonaws.com/8e0b4bc10024827a09944e1518b11fb4.jpeg,"{""lat"":13.044158,""lng"":80.1858893}",53,2023-12-07 09:06:37.495,,"No 2, thirivalluvar salai, behind unlimited stores, alwarthirunagar, chennai 87 ( leo tennis  compound ) "
673a8201-64a2-4b87-ba6f-1194076d0f09,https://cwl-images.s3.ap-south-1.amazonaws.com/7e7d071fe32f1778e396c62a7dcf1013.jpeg,"{""lat"":13.044158,""lng"":80.1858893}",48,2023-12-07 09:06:54.394,,""
046c7ba3-35d8-47ab-898e-35d78dbe95d1,https://cwl-images.s3.ap-south-1.amazonaws.com/c2f8f746307ad81f5e43253cf71706d8.jpeg,"{""lat"":13.044158,""lng"":80.1858893}",53,2023-12-07 09:07:14.341,,""
0896cb90-53cb-48bc-8887-f1bdbef24a52,"","{""lat"":12.9814725,""lng"":80.213397}",200,2023-12-07 09:07:42.373,,Water is logged upto tyre level on 7th December 2024
7c6c4541-4058-4e21-af85-1385b926a3b5,https://cwl-images.s3.ap-south-1.amazonaws.com/2163336996e06324fe22fbd86aafa8c3.jpeg,"{""lat"":13.044158,""lng"":80.1858893}",49,2023-12-07 09:07:46.913,,""
4db3c232-e426-4cf5-bc53-f2cee57b6751,"","{""lat"":13.059138913835309,""lng"":80.20982601896542}",55,2023-12-07 09:08:04.771,,""
db9e4585-13bb-4585-a026-9da8a77798a0,"","{""lat"":13.0062555,""lng"":80.2002306}",50,2023-12-07 09:08:52.376,,""
232ae74d-a95e-479a-9406-d7840ee31edb,"","{""lat"":13.04291964467736,""lng"":80.26562304070305}",21,2023-12-07 09:09:28.698,,""
c80f8ad8-488f-4c33-b1fd-132eaae05719,"","{""lat"":13.04291964467736,""lng"":80.26562304070305}",5,2023-12-07 09:09:35.318,,""
c12b1b14-c590-4e5c-98b3-3e86e7933d94,"","{""lat"":13.04291964467736,""lng"":80.26562304070305}",29,2023-12-07 09:09:43.88,,""
01744e9a-7658-4556-beaf-6faf0c8a1f05,"","{""lat"":13.04291964467736,""lng"":80.26562304070305}",26,2023-12-07 09:09:47.502,,""
738e1850-f7af-4c4b-9d29-cecd0b0ec585,"","{""lat"":13.013544,""lng"":80.1509556}",65,2023-12-07 09:09:52.771,,This is higher level area in our locality. Other nearby streets have more water stagnation.
e04bd2f4-9996-41ec-898c-e3b59f1e015d,https://cwl-images.s3.ap-south-1.amazonaws.com/4c6d59ee3ff44150ae2dd9a17d3a66f4.jpeg,"{""lat"":13.106570556558804,""lng"":80.19886483945693}",100,2023-12-07 09:10:17.545,,""
ed25e6cf-47c2-4d94-b1a4-446e1aaaf285,"","{""lat"":13.0134049,""lng"":80.1585356}",24,2023-12-07 09:16:31.561,,""
99b39904-9f62-4ff4-8fa9-51b2b5d07e30,"","{""lat"":13.1324031,""lng"":80.2393018}",6,2023-12-07 09:16:34.672,,Micetich colony never had water logging problem
2dda92bf-63d6-4417-b9d1-fb67f04b99e8,"","{""lat"":13.0134049,""lng"":80.1585356}",25,2023-12-07 09:16:35.39,,""
da41f1b0-d39c-40ed-a0d9-bb521238c33c,"","{""lat"":13.0134049,""lng"":80.1585356}",29,2023-12-07 09:16:40.455,,""
c2a931a1-4aac-464c-8775-55409ea318a6,https://cwl-images.s3.ap-south-1.amazonaws.com/0094d9a71ba77bccdb1830a542417917.jpeg,"{""lat"":12.9623992,""lng"":80.2604413}",71,2023-12-07 09:16:59.389,,""
85701fa3-c001-4250-b9d7-b095f27a338e,https://cwl-images.s3.ap-south-1.amazonaws.com/9e88198eaa425ef7377691d2e12ff1b7.jpeg,"{""lat"":13.0435895,""lng"":80.2590646}",51,2023-12-07 09:18:19.211,,""
9dc6b3fc-bec5-4cb7-9fec-477c85cb3b0f,"","{""lat"":12.966892002250333,""lng"":80.20483202590296}",83,2023-12-07 09:18:28.168,,Ward 186 sadasiva nagar main road
427009f8-ab20-440b-b06f-04f4aa7f9ac3,https://cwl-images.s3.ap-south-1.amazonaws.com/886a602e74c835f8fa1198f91bee2977.jpeg,"{""lat"":13.0435832,""lng"":80.2590639}",86,2023-12-07 09:18:43.666,,""
27b008f5-4b4f-4544-835a-f90c6d64e06b,"","{""lat"":12.936936936936936,""lng"":80.23479241940447}",55,2023-12-07 09:19:55.5,,""
d97ffaa8-eafb-4f9b-9fe9-561b20bdb19a,"","{""lat"":12.936936936936936,""lng"":80.23479241940447}",50,2023-12-07 09:20:21.27,,""
37a28571-874e-4b90-8b38-c394c9e02f92,https://cwl-images.s3.ap-south-1.amazonaws.com/6fd15f1951ffd6ee553b780e480c7c4a.jpeg,"{""lat"":12.921045102432402,""lng"":80.07826041403621}",180,2023-12-07 09:21:04.049,,Our area is consistently affect every year 
560e64d2-0b01-4c52-920d-aa13614455da,"","{""lat"":12.921045102432402,""lng"":80.07826041403621}",180,2023-12-07 09:21:41.46,,""
f8514869-cf65-4bce-ad72-b36d53a2d23b,"","{""lat"":12.9430692,""lng"":80.2145222}",131,2023-12-07 09:22:35.262,,""
1ebe52c2-1175-41a0-87f3-6cc62451ec09,"","{""lat"":13.1104773,""lng"":80.2949724}",77,2023-12-07 09:22:59.504,,Low lying houses were flooded and we were stranded with this much water for three days 
3da90b03-c4e9-4470-ba97-dd7e1def3996,"","{""lat"":13.0695674,""lng"":80.1835295}",65,2023-12-07 09:23:12.811,,Want permanent remedy for Pallavan nagar Nerkundram.Chennai.600107
76db61a9-9f4d-4e51-8bac-b16c1fc6dd93,"","{""lat"":12.971586794037684,""lng"":80.20464279797707}",47,2023-12-07 09:26:11.521,,Ward 186 Annai Teresa nagar 14th street 
7b115cb3-b8ce-4452-99e3-4b934a5581ab,"","{""lat"":12.94093823152447,""lng"":80.14261510980599}",181,2023-12-07 09:29:32.332,,Perumbakkam 
e2ae8d16-0a9e-4a32-a0a1-90c72b18d0be,"","{""lat"":13.020225223620645,""lng"":80.24641796770473}",11,2023-12-07 09:29:35.601,,""
ebf2ba9f-ad41-4f32-8b10-5de8b9043a50,"","{""lat"":12.97154349831993,""lng"":80.20037187850431}",45,2023-12-07 09:33:01.501,,Ward 186 senkani amman Kovil street
8a3d2ae3-dc01-4509-bf7d-3ea96a833fb9,"","{""lat"":13.0429344,""lng"":80.1354547}",14,2023-12-07 09:33:50.269,,""
9c7fbdd1-0bed-4197-bcf8-092abeefa48f,"","{""lat"":12.922344409617214,""lng"":80.13962725419364}",24,2023-12-07 09:35:57.165,,""
712076c4-e3ac-4f79-a236-01599961f7c3,"","{""lat"":12.971427001571776,""lng"":80.19503618083907}",35,2023-12-07 09:37:52.227,,186 ward ponnurangam street 
750fc75e-9149-4cf5-b5a0-9cef9da81f62,"","{""lat"":12.9096473,""lng"":80.1087853}",20,2023-12-07 09:43:50.493,,Running on the road. Some areas stagnated 
2e94b930-f18e-470a-ab80-ea86b227e043,https://cwl-images.s3.ap-south-1.amazonaws.com/93e17407aae3178ddc59b50def563fef.jpeg,"{""lat"":12.977629173095757,""lng"":80.19789795110881}",65,2023-12-07 09:44:44.031,,185 Ward Krishna Nagar ullagaram
7b3901c9-6783-42c5-8d93-34d6e0eaede4,"","{""lat"":13.0495302,""lng"":80.2550525}",36,2023-12-07 09:46:07.088,,""
c58553fb-cc3d-4821-8d6b-331bffac8059,"","{""lat"":13.0495302,""lng"":80.2550525}",42,2023-12-07 09:46:18.28,,Gopalapuram 
665e5861-9038-49c2-8b59-caa3362a4e1f,"","{""lat"":13.0178057,""lng"":80.2711023}",20,2023-12-07 09:46:37.611,,""
e6e111ba-b085-4b9f-982a-422c8d49f385,"","{""lat"":12.9794469,""lng"":80.2112786}",79,2023-12-07 09:46:46.821,,""
172a7c76-3cf2-46fa-9ec6-4c982cd9d191,"","{""lat"":12.9794469,""lng"":80.2112786}",103,2023-12-07 09:46:59.122,,""
54c2f00f-86a6-42d0-af90-871135225321,"","{""lat"":12.9794469,""lng"":80.2112786}",102,2023-12-07 09:47:10.913,,""
1bc0ea71-1988-4a67-8a1a-9b41ebb0fb8f,"","{""lat"":13.0178057,""lng"":80.2711023}",44,2023-12-07 09:47:24.682,,Flooded with ground water
a27bf76a-8269-4086-a01c-3c85384804ac,"","{""lat"":12.977579282025621,""lng"":80.20105550990519}",63,2023-12-07 09:49:05.177,,185 Ward govindaraj street
30350f53-830b-4a67-891b-07e891507bb4,"","{""lat"":13.0711552,""lng"":80.19968}",36,2023-12-07 09:51:25.743,,""
06174a81-2bec-4836-8255-bc7fa02ac334,https://cwl-images.s3.ap-south-1.amazonaws.com/6d19c31fe5bae3655e6316d7621e9ea1.jpeg,"{""lat"":13.066383687629024,""lng"":80.21446854705201}",60,2023-12-07 09:51:41.793,,Flood draining time is 2 days
e9555df6-a696-48cd-a6ec-b4fda311a670,"","{""lat"":12.9868995,""lng"":80.1754747}",39,2023-12-07 09:58:17.284,,""
efb5be41-c63b-4ec8-909f-0aca5584d785,https://cwl-images.s3.ap-south-1.amazonaws.com/cbc48fbf1a76b00c31d90196db60703d.jpeg,"{""lat"":13.111270716028555,""lng"":80.2301619897886}",105,2023-12-07 09:58:35.147,,Jawahar Nagar 1st cross Road 4th Main road junction 600082
7e8f199f-58ed-481d-bfd9-9ad4369ba2d6,"","{""lat"":12.996869189697104,""lng"":80.25205125001904}",12,2023-12-07 09:59:32.617,,""
c7d05175-24ed-4c02-b642-0b330aa1281d,"","{""lat"":12.996869189697104,""lng"":80.25205125001904}",15,2023-12-07 09:59:42.058,,""
d709a41a-8161-4a1c-a9ff-9920f05e6887,"","{""lat"":12.9936728,""lng"":80.1852397}",48,2023-12-07 09:59:47.151,,Water logged
1544e13c-0a68-45a1-8c3e-0cf623db814a,"","{""lat"":12.977595311531294,""lng"":80.1945944778682}",52,2023-12-07 10:00:45.494,,185 ward bharathiyar street
27005aa2-94b6-4476-9c2c-582b280ae324,"","{""lat"":12.974563174562011,""lng"":80.196483257598}",53,2023-12-07 10:06:11.42,,Ward 185
51ef6025-cbd3-402c-a2f6-ac1cb305cbd1,"","{""lat"":12.974563174562011,""lng"":80.196483257598}",53,2023-12-07 10:06:11.451,,Ward 185
1b959e1d-c7f0-41c4-adc9-17737dce5468,"","{""lat"":13.05833247688655,""lng"":80.24788693273281}",41,2023-12-07 10:11:49.843,,""
f6d315b0-42cc-40cc-9b16-54a29ec40f39,"","{""lat"":12.9717656,""lng"":80.2608901}",50,2023-12-07 10:12:10.916,,""
775ac957-3dbe-4f8d-9b26-bff77f0b95ed,https://cwl-images.s3.ap-south-1.amazonaws.com/978c2c9309e35594b9de5db95be9f260.jpeg,"{""lat"":12.9717656,""lng"":80.2608901}",50,2023-12-07 10:12:40.761,,""
c72da34c-bab0-43b9-99da-3df334ac5cee,https://cwl-images.s3.ap-south-1.amazonaws.com/f70fc4ff0cf09cb1af9109fc5e7ad05e.jpeg,"{""lat"":12.966977010355878,""lng"":80.19413637936617}",47,2023-12-07 10:13:41.244,,Ward 187 buvaneshwari street
72661f9c-d003-47f4-8759-8038e696c2a4,"","{""lat"":13.0399254,""lng"":80.0386912}",145,2023-12-07 10:13:48.875,,""
423e25a0-dbbd-44b4-838a-45021894269f,"","{""lat"":12.9441588,""lng"":80.2375227}",69,2023-12-07 10:16:34.588,,Chest deep water 
70133e38-50c3-49b0-8c26-085cc8d6df3f,"","{""lat"":12.9207478,""lng"":80.1620783}",20,2023-12-07 10:21:24.661,,""
7bb1bd01-ed85-4bf3-aa4f-e118ace4c323,"","{""lat"":12.96336781710703,""lng"":80.19273413858632}",41,2023-12-07 10:23:51.323,,187 ward 
30c50d7e-34e2-40e4-a20b-9a70730dc9e7,"","{""lat"":12.961267738283315,""lng"":80.19587477152932}",28,2023-12-07 10:29:39.045,,187 ward vembuliamman Kovil street
967aa6c4-3523-495d-bba6-c838eb9d9862,"","{""lat"":12.9908296,""lng"":80.2493448}",63,2023-12-07 10:42:54.282,,""
652cc4d4-ae33-45be-88b8-0414baa0e3de,"","{""lat"":9.9243059,""lng"":78.0994099}",44,2023-12-07 10:48:03.495,,""
7df1a9af-0d0f-4bf6-891c-9adcabccfafd,"","{""lat"":9.9243059,""lng"":78.0994099}",19,2023-12-07 10:48:13.589,,""
d8b5ee6f-d646-4ef3-9363-4ac6be05c691,"","{""lat"":12.84036180684852,""lng"":80.22955870386487}",18,2023-12-07 11:00:42.25,,""
016d0461-adc9-4f23-87c6-fc08b35277b6,"","{""lat"":38.883333,""lng"":-77}",70,2023-12-07 11:00:50.685,,""
7d88d084-2112-4b4b-95a1-76fba1941f73,"","{""lat"":40.7275267,""lng"":-74.0031902}",67,2023-12-07 11:01:20.818,,""
c6314f95-0de6-4330-9399-c13bda203b4f,https://cwl-images.s3.ap-south-1.amazonaws.com/7a2c123feb2d756d601da16a7465c7b1.jpeg,"{""lat"":13.0852515,""lng"":80.2328177}",56,2023-12-07 11:05:30.842,,Kilpauk Garden Colony 
d4f6a92e-36f5-4b6f-92e8-fb11d3d12dda,https://cwl-images.s3.ap-south-1.amazonaws.com/4b3dd47f09970d7286e74039ab95d589.jpeg,"{""lat"":13.028216453361903,""lng"":80.24286830834123}",88,2023-12-07 11:11:34.556,,This was the picture taken from boat rescue 
5d3c5594-4912-44cc-b6c7-dbf9a1d84b4a,"","{""lat"":13.0413607,""lng"":80.2689726}",147,2023-12-07 11:16:56.518,,Mylapore 
abc1e234-be55-4d3e-a7a1-467a081262dc,"","{""lat"":12.8403782,""lng"":80.2309462}",23,2023-12-07 11:17:31.435,,""
75aca29e-db9e-4735-b459-c1969b97cdef,https://cwl-images.s3.ap-south-1.amazonaws.com/9f0c4c1595c8304e81e36f75e4020608.jpeg,"{""lat"":12.893592507090188,""lng"":80.23221434158563}",129,2023-12-07 11:17:59.619,,My car parking is 5 feet above road but still water came above car tyer
91065b3b-b132-417c-9acb-ff38d46b8033,"","{""lat"":12.8769701,""lng"":80.216095}",120,2023-12-07 11:21:18.084,,Water started drain yesterday
9bbc29f1-5b14-4d0a-8c1d-d575ecc47e0c,"","{""lat"":12.9777816,""lng"":80.2209664}",42,2023-12-07 11:26:23.323,,""
844627a9-93eb-4673-b313-6995d84dd887,"","{""lat"":13.0769569,""lng"":80.2605325}",39,2023-12-07 11:26:33.525,,""
a8bd6521-76af-4e0f-add0-38ae305223da,"","{""lat"":13.051503703223144,""lng"":80.18282132160338}",45,2023-12-07 11:28:56.464,,""
14dfcbd0-1752-4928-a827-7bb60fb0bc38,"","{""lat"":13.051503703223144,""lng"":80.18282132160338}",50,2023-12-07 11:29:13.464,,""
61c79abd-1885-474b-a206-5bc5798be829,"","{""lat"":13.0331188,""lng"":80.2771565}",78,2023-12-07 11:32:01.934,,""
2fd0fdda-62b8-4c7e-9fe9-c90f0676b9c2,"","{""lat"":13.0331375,""lng"":80.2771529}",81,2023-12-07 11:32:18.054,,""
03dc5ff4-e1ad-47e0-b77a-54851aa9116e,"","{""lat"":12.9165289,""lng"":80.0740678}",200,2023-12-07 11:39:07.083,,""
9de8295f-f8e5-4380-9335-fbe2a655fa07,"","{""lat"":13.0773399,""lng"":80.1646674}",1,2023-12-07 11:41:02.263,,Nothing 
5733e100-4f18-49ae-90ae-87a9091cfd1d,https://cwl-images.s3.ap-south-1.amazonaws.com/bc06db12d9d4d95cedf9953571dd67f1.jpeg,"{""lat"":12.9165289,""lng"":80.0740678}",200,2023-12-07 11:45:11.054,,Totally about 225 cm. Location Thirumalai Nagar Mudichur Chennai-600048 
d3169a90-40a9-4319-b8ce-baaa00dacced,"","{""lat"":12.9091984,""lng"":80.2316754}",24,2023-12-07 11:48:38.828,,""
4eb74134-095f-4fcd-8fc7-343148c3e6ef,"","{""lat"":13.076697552625797,""lng"":80.16177733882556}",30,2023-12-07 11:56:46.153,,Nolambur
c3032078-abee-4d7e-9165-9b0b56d350d6,"","{""lat"":13.076697552625797,""lng"":80.16177733882556}",36,2023-12-07 11:57:07.812,,""
c138edc4-2f0c-4f35-ba2b-72cfd7bed842,"","{""lat"":13.076697552625797,""lng"":80.16177733882556}",45,2023-12-07 11:57:26.809,,Nolambur
7a290256-746c-48c7-b7d5-227af3d54d6c,"","{""lat"":13.0062206,""lng"":80.204273}",23,2023-12-07 11:57:28.333,,No water logging 
8b9f0a53-ef59-40c8-9b93-fbb2d3060289,"","{""lat"":12.8892099,""lng"":80.2433652}",57,2023-12-07 11:57:43.998,,ADITYARAM NAGAR
a32a9280-5805-4d10-86da-a2104302ee98,"","{""lat"":13.0449792,""lng"":79.9756502}",161,2023-12-07 11:59:44.854,,Why Velachery areas are not having proper water drainage
37954697-0fec-49c8-8ece-3be935852c0a,"","{""lat"":13.0449792,""lng"":79.9756502}",181,2023-12-07 12:00:26.273,,Velachery needs proper water drainage
49e21ce5-cdc8-493c-b0c2-6145dd75a8d0,"","{""lat"":12.97440106063946,""lng"":80.21224263321199}",103,2023-12-07 12:05:45.044,,Velachery padmavathy nagar
50272820-382d-4493-9021-1d30ded9273e,"","{""lat"":13.017909,""lng"":80.2064039}",78,2023-12-07 12:12:33.887,,""
6ec29d1a-9216-41be-ac14-5af64f8c6ace,"","{""lat"":13.017909,""lng"":80.2064039}",112,2023-12-07 12:12:44.548,,""
df69774a-84fc-4691-af98-1cc7c7436815,"","{""lat"":13.017909,""lng"":80.2064039}",124,2023-12-07 12:12:59.108,,Water logging 
c7e0671b-2d4f-4ff8-9a26-2589c2664598,"","{""lat"":13.017909,""lng"":80.2064039}",63,2023-12-07 12:13:25.451,,Upto knee level
f41daf2b-bb5e-4a09-8f0b-2c7cd65bd7ee,"","{""lat"":13.017909,""lng"":80.2064039}",64,2023-12-07 12:13:47.249,,63
7db4cbf4-e262-43cb-87a4-5762506c7938,"","{""lat"":13.017909,""lng"":80.2064039}",83,2023-12-07 12:14:06.692,,63 cm
da7858e7-98f0-4f74-9276-7bd044a38ed9,"","{""lat"":13.1094411,""lng"":80.133197}",50,2023-12-07 12:29:32.212,,"Near by ambarhur lake available, no slop road "
a2913dcc-0482-47e3-8ec0-429e0c318d0c,https://cwl-images.s3.ap-south-1.amazonaws.com/ea0c9760f7e4cfa329e386c044d196ae.jpeg,"{""lat"":13.1119026,""lng"":80.2247667}",48,2023-12-07 12:30:54.64,,"Water was flowing in our area keeps increasing, A 11  Venkatesan salai  Periyar Nagar chennai "
406be642-23d5-4c65-89c1-266c4a4cd318,https://cwl-images.s3.ap-south-1.amazonaws.com/49671fbaded71f13783749a1c11c9d18.jpeg,"{""lat"":13.071338053274554,""lng"":80.22107242869869}",60,2023-12-07 12:32:13.003,,Always water log even a small rain occurs 
581b632c-dd6a-40ab-8834-30eb291eef7b,"","{""lat"":13.0133133,""lng"":80.1558557}",66,2023-12-07 12:34:00.781,,""
b8a5e27d-0ca3-4e58-a6f6-4e7556a71379,"","{""lat"":13.0133195,""lng"":80.1558501}",67,2023-12-07 12:34:07.832,,""
10adb79c-337d-4b1b-ad63-e9d0cf53f0ee,"","{""lat"":13.0133195,""lng"":80.1558501}",70,2023-12-07 12:34:12.492,,""
d68b7b60-895e-4cf2-aa0e-d3e0b6966fea,https://cwl-images.s3.ap-south-1.amazonaws.com/87c84c385579f7d780ff288b66e7de44.jpeg,"{""lat"":12.9232589,""lng"":80.187067}",57,2023-12-07 12:34:51.331,,""
8727eaa2-3bfd-40f7-8cf1-9783f3b2ea4d,"","{""lat"":12.9232589,""lng"":80.187067}",44,2023-12-07 12:35:05.191,,""
279f726b-6733-4390-80de-b980050b810e,"","{""lat"":12.9232589,""lng"":80.187067}",41,2023-12-07 12:36:04.187,,""
82d76556-33aa-4a4b-8cbc-313a2ff8571e,"","{""lat"":13.0609304,""lng"":80.2212255}",65,2023-12-07 12:56:28.87,,""
4adb0d2e-bd33-432b-b051-e194d33cd3a8,"","{""lat"":13.0608653,""lng"":80.2212262}",65,2023-12-07 12:56:36.648,,""
76f280a4-4da7-4063-91ca-159188505fe1,"","{""lat"":13.0608711,""lng"":80.2212265}",61,2023-12-07 12:56:44.448,,""
ee0277c5-a809-49c9-8543-4121c465cfa7,"","{""lat"":13.1190332,""lng"":80.284074}",41,2023-12-07 13:05:07.393,,""
5bb99ddf-86ec-47a7-a274-7e4022b1e936,"","{""lat"":13.044868073461013,""lng"":80.23927326505196}",10,2023-12-07 13:06:11.389,,""
a8e85309-84fb-44a3-94db-cbcaafba5618,https://cwl-images.s3.ap-south-1.amazonaws.com/6bf5458b4acab6cce88da021f7c3d8c1.jpeg,"{""lat"":13.0441494,""lng"":80.1858584}",51,2023-12-07 13:14:41.126,,""
7c42a397-bc60-4b85-baae-a1dcca60491b,"","{""lat"":13.0441494,""lng"":80.1858584}",58,2023-12-07 13:14:51.431,,""
6c6e3e70-6507-4fdd-aa05-044994b5ce77,https://cwl-images.s3.ap-south-1.amazonaws.com/a71bb53765c064209891c4ef59db5582.jpeg,"{""lat"":13.0441494,""lng"":80.1858584}",49,2023-12-07 13:15:12.997,,""
